Estacao;Data;Hora;DirecaoVento;VelocidadeVentoMedia;VelocidadeVentoMaximaMedia;EvaporacaoPiche;EvapoBHPotencial;EvapoBHReal;InsolacaoTotal;NebulosidadeMedia;NumDiasPrecipitacao;PrecipitacaoTotal;PressaoNivelMarMedia;PressaoMedia;TempMaximaMedia;TempCompensadaMedia;TempMinimaMedia;UmidadeRelativaMedia;VisibilidadeMedia;
82598;31/01/1968;0000;14;3.182796;9;145.5;;;254.1;4.268817;12;51.6;;;31.051613;25.34;20.906667;81.75;;
82598;29/02/1968;0000;14;2.655172;9;134.9;;;272.4;4.114943;11;40.2;;;31.293103;25.671724;21.435714;78.051724;;
82598;31/03/1968;0000;0;1.989247;7;91.7;;;186.2;5.505376;20;213.9;;;30.132258;25.206452;21.663333;81.709677;;
82598;30/04/1968;0000;14;2.2;9;95.6;;;211.4;4.877778;13;208.5;;1004.85;30.17;25.532;21.703333;80.875;;
82598;31/05/1968;0000;14;2.548387;9;78;;;147.3;5.645161;18;155.5;;;28.787097;24.602581;21.232258;83.733871;;
82598;30/06/1968;0000;14;4.677778;12;99;;;194.2;4.822222;10;61.5;;;28.38;23.527333;20.322222;80.45;;
82598;31/07/1968;0000;14;4.27957;12;86.5;;;222.5;4.11828;19;220;;;27.596667;23.23;19.887097;83.427419;;
82598;31/08/1968;0000;14;4.612903;12;130.4;;;255.5;3.225806;9;27.5;;;28.583871;23.82129;19.948387;77.830645;;
82598;30/09/1968;0000;14;5.433333;12;153.3;;;272.1;2.655556;6;2.9;;;29.5;24.483333;20;74.291667;;
82598;31/10/1968;0000;14;4.666667;9;170.7;;;322.1;2.494624;2;4.2;;;30.712903;25.532903;20.932258;76.822581;;
82598;30/11/1968;0000;14;3.411111;9;134.7;;;305.2;3.433333;2;3.1;;;31.013333;25.858;21.193333;83.966667;;
82598;31/12/1968;0000;14;3.623656;9;140.7;;;276.5;4.290323;7;21.6;;;31.290323;26.274194;21.848387;77.991935;;
82598;31/01/1969;0000;14;2.946237;7;143.9;;;;4.537634;10;93.1;;;31.625806;26.698065;22.648387;79.919355;;
82598;28/02/1969;0000;0;2.285714;7;127.7;;;240.5;4.059524;11;96.3;;;31.407143;26.764286;22.964286;80.946429;;
82598;31/03/1969;0000;0;1.913978;5;144.8;;;254.3;3.741935;11;168.6;;;31.816129;27.008387;23.06129;77.782258;;
82598;30/04/1969;0000;14;2.177778;7;100.3;;;230;4.755556;14;195.8;;;30.706667;26.481333;23.113333;82.525;;
82598;31/05/1969;0000;14;1.817204;5;79.5;;;206;6.075269;18;160.4;;;29.912903;25.723226;22.612903;85.25;;
82598;30/06/1969;0000;14;1.944444;9;68.8;;;206.8;5.866667;17;252.8;;;28.843333;24.816;21.643333;85.3;;
82598;31/07/1969;0000;14;2.494624;9;73.8;;;219;5.182796;20;202.6;;;27.890323;23.907097;20.858065;85.306452;;
82598;31/08/1969;0000;14;3.193548;12;96.9;;;234.1;5.397849;16;170.1;;;27.819355;23.629032;20.3;82.096774;;
82598;30/09/1969;0000;14;3.382716;9;;;;256;3.111111;9;19.6;;;29.018519;24.163846;20.155556;77.134615;;
82598;31/10/1969;0000;9;3.505376;9;151.8;;;320;3.043011;1;8.4;;;29.732258;24.879355;20.53871;74.572581;;
82598;30/11/1969;0000;9;4.122222;9;177;;;312.1;3.7;3;4.5;;;30.456667;25.559333;21.24;73.783333;;
82598;31/12/1969;0000;9;3.741935;9;180.6;;;307.8;4.086022;4;7.4;;;31.174194;25.952903;21.541935;73.741935;;
82598;31/01/1970;0000;14;2.956989;9;171;;;281.9;4.806452;6;26.9;;;31.570968;26.579355;22.364516;73.266129;;
82598;28/02/1970;0000;14;3.75;9;180.8;;;256.6;3.77381;6;18.8;;;32.039286;26.800714;22.239286;70.178571;;
82598;31/03/1970;0000;14;2.72043;7;131.8;;;209.3;5.473118;15;208.4;;;30.913333;26.293333;22.5;78.572581;;
82598;30/04/1970;0000;14;2.588889;7;102.6;;;218.4;5.688889;13;212.3;;;30.043333;25.712667;22.173333;81.566667;;
82598;31/05/1970;0000;14;3.806452;9;113.4;;;265.7;4.774194;11;60.8;;;29.741935;25.181935;21.306452;79.693548;;
82598;30/06/1970;0000;18;3.055556;9;82.1;;;195.9;4.666667;17;214.7;;;28.386667;24.329333;21.12;82.658333;;
82598;31/07/1970;0000;18;3.88172;9;103.3;;;228.5;4.473118;15;93.3;;;28.229032;23.734839;20.045161;80.677419;;
82598;31/08/1970;0000;18;4.397849;9;106.4;;;217.5;5.107527;17;241;;;27.851613;23.482581;20.225806;81.217742;;
82598;30/09/1970;0000;14;4.222222;9;128.1;;;280.3;3.088889;9;29.3;;;29.156667;24.3;20.206667;77.058333;;
82598;31/10/1970;0000;14;3.623656;9;160.3;;;324.1;2.924731;4;2.9;;;30.551613;25.032903;20.312903;74.959677;;
82598;30/11/1970;0000;9;3.655556;9;146;;;300.5;3.844444;8;20.1;;1004.27;30.83;25.677333;21.136667;74.591667;;
82598;31/12/1970;0000;14;3.946237;7;144.3;;;317.6;3.086022;2;1.6;;;31.432258;26.089677;21.280645;73.064516;;
82598;31/08/1983;0000;;;7.1;174.3;;;232.5;;15;113;;;28.145161;;21.432143;;;
82598;30/09/1983;0000;;;;;;;264.7;;6;15.8;;;29.356667;;23.72;;;
82598;31/10/1983;0000;9;5.995775;10;288.5;;;278;5.028169;8;23.9;;;30.854839;26.904167;24.222581;84.854167;;
82598;30/11/1983;0000;9;5.198718;7.6;243.9;;;302.2;4.820513;2;3.1;;;29.526667;26.821538;24.78;84.788462;;
82598;31/12/1983;0000;14;5.536111;7.8;257.5;;;303.4;5.5;4;8.8;;;30.051613;27.253913;25.164516;79.51087;;
82598;31/01/1984;0000;14;4.942254;7.5;245.6;;;294;5.225352;8;54.8;;;30.216129;27.223333;24.483871;80.479167;;
82598;29/02/1984;0000;14;5.52449;8;231.1;;;261.7;4.938776;7;55;;;30.637931;27.5825;24.503448;79.09375;;
82598;31/03/1984;0000;9;3.376596;6.6;160.7;;;223;6.531915;22;232.8;;;30.564516;27.2075;24.164516;90.1875;;
82598;30/04/1984;0000;;;6.6;92.4;;;159.9;;22;444.7;;;29.566667;26.5475;22.93;85.546875;;
82598;31/05/1984;0000;14;3.781944;8.3;104.1;;;151.7;6.472222;25;538.6;;;29.054839;25.784167;22.23871;87.072917;;
82598;30/06/1984;0000;14;4.678947;8.3;132.8;;;214.5;5.473684;21;249;;;28.733333;24.996842;21.54;79.763158;;
82598;31/07/1984;0000;18;4.886538;9.6;134.7;;;200.8;6.461538;26;140.1;;;27.874194;24.256471;20.877419;82.544118;;
82598;31/08/1984;0000;;;6.6;180.4;;;245.6;;15;162.2;;;28.322581;;21.109677;;;
82598;30/09/1984;0000;14;4.548333;10.7;202.4;;;274.5;5.216667;14;69.1;;;28.993333;25.699;22.336667;74.8125;;
82598;31/10/1984;0000;14;5.237097;10.7;239.4;;;270.9;5.790323;16;48.9;;;29.580645;26.592381;23.993548;73.77381;;
82598;30/11/1984;0000;14;5.063158;10.7;267.7;;;290.9;5.539474;6;14.7;;;30.16;27.1288;24.47;70.61;;
82598;31/12/1984;0000;9;4.239189;7.9;256.1;;;305.3;5.243243;7;19;;;30.358065;27.4376;24.893548;70.62;;
82598;31/01/1986;0000;14;4.701087;8;218.5;;;259.5;5.771739;9;52.5;;;30.203226;27.272258;24.119355;73.16129;;
82598;28/02/1986;0000;14;3.346429;7;135.6;;;200.5;6.511905;17;259;;;29.675;26.500714;23.003571;78.276786;;
82598;31/03/1986;0000;14;2.410753;6;102;;;179.1;6.83871;26;292.1;;;29.216667;26.158;22.709677;82.451613;;
82598;30/04/1986;0000;14;3.211111;6.6;102;;;155.2;6.944444;24;642.4;;;29.18;26.31;22.68;82.533333;;
82598;31/05/1986;0000;14;3.319355;7;120.2;;;195.4;6.193548;20;354.2;;;29.464516;26.174194;22.480645;81.056452;;
82598;30/06/1986;0000;18;4;8.1;113.6;;;162;6.633333;20;317.1;;;28.11;24.740667;21.523333;83.675;;
82598;31/07/1986;0000;14;3.835955;6.6;124.5;;;213.7;4.988636;16;67.9;;;28.296667;24.755714;21.139286;79.310345;;
82598;31/08/1986;0000;14;4.229032;8.3;145.6;;;237.4;5.591398;18;194.4;;;28.36129;25.028387;21.674194;78.685484;;
82598;30/09/1986;0000;14;4.988889;10;175.3;;;220.1;5.577778;14;82.3;;;28.773333;25.359333;21.693333;76.9;;
82598;31/10/1986;0000;9;4.030108;6.6;213.8;;;289.7;4.784946;12;54.8;;;29.464516;26.452258;23.529032;73.766129;;
82598;30/11/1986;0000;14;4.544444;7.1;201.9;;;234.9;5.966667;16;128;;;29.376667;26.587333;23.903333;79.916667;;
82598;31/12/1986;0000;14;4.203226;7;184.9;;;253.5;5.870968;17;41.2;;1007.54086;30.045161;27.134839;24.3;76.887097;;
82598;31/01/1987;0000;14;4.306818;6.6;175.1;;;225.2;5.943182;11;26.4;;;30.64;27.401379;24.513333;76.362069;;
82598;28/02/1987;0000;14;4.357317;8.3;176.9;;;226.6;5.891566;13;80.9;;;30.917857;27.421481;23.7;75.342593;;
82598;31/03/1987;0000;14;3.096774;6.6;145.7;;;;6.623656;19;251.9;;;30.387097;27.285806;24.103226;80.524194;;
82598;30/04/1987;0000;14;3.683333;7;135.6;;;;6.155556;24;281.4;;;30.233333;27.206667;23.67;80.637931;;
82598;31/05/1987;0000;14;3.794444;8.3;169.3;;;274.6;4.836957;14;90.7;;;30.43871;27.083226;23.045161;77.298387;;
82598;30/06/1987;0000;14;3.425556;7.3;122.4;;;221.6;5.911111;23;347.5;;;29.203333;25.958667;22.21;80.825;;
82598;31/07/1987;0000;14;3.564045;9.1;126.7;;;200.6;5.730337;20;288.9;;1008.72809;28.833333;25.228148;21.659259;81.855769;;
82598;31/08/1987;0000;14;4.109677;8.3;201.4;;;265;4.946237;13;38.9;;;29.356667;25.994;22.2;75.298387;;
82598;30/09/1987;0000;14;4.245556;8.6;222.5;;;269.1;5.466667;13;50.8;;;29.62;25.992;21.823333;74;;
82598;31/10/1987;0000;14;4.254348;8;242.9;;;293.9;5.032609;7;20.7;;;29.786207;26.940714;24.451724;75.008333;;
82598;30/11/1987;0000;9;3.923333;6.6;236.6;;;298.3;4.933333;5;15.5;;;30.35;27.425517;25.26;76.666667;;
82598;31/12/1987;0000;9;4.277273;6.6;251.4;;;;4.772727;3;2.6;;;;;;;;
82598;31/01/1988;0000;14;3.951087;7.1;229.7;;;286.1;5.565217;5;12.9;;;30.548387;27.880645;25.332258;72.5;;
82598;29/02/1988;0000;14;4.212644;8;215.8;;;217.5;6.08046;10;127.8;;1005.54023;30.513793;27.811034;25.003448;74.12931;;
82598;31/03/1988;0000;9;3.087097;6.6;131;;;223;6.526882;16;323.5;;;30.467742;27.499355;24.235484;78.120968;;
82598;31/05/1988;0000;14;3.31413;6.6;117.6;;;195.6;6.285714;19;375.4;;;29.603226;26.480667;23.046667;81.758333;;
82598;30/06/1988;0000;14;3.48;7.5;115.7;;;197.1;6.055556;22;400.4;;;28.534483;25.430345;22.163333;81.708333;;
82598;31/07/1988;0000;14;3.705435;8.3;143.9;;;166.2;7.311828;20;342.3;;;27.83871;24.363871;21.258065;83.193548;;
82598;31/08/1988;0000;14;4.639785;9;166.4;;;248.9;6.44086;13;128.4;;;28.174194;24.444516;20.416129;77.790323;;
82598;30/09/1988;0000;14;4.703333;8.5;197.3;;;253.2;5.677778;13;75.3;;;28.77;25.08;20.383333;73.641667;;
82598;31/10/1988;0000;9;4.416304;8;234.6;;;294.5;5.430108;6;3.5;;1007.86129;30.064516;26.686452;22.758065;72.120968;;
82598;30/11/1988;0000;14;4.466667;6.6;236.6;;;275.3;5.833333;9;19.6;;;30.04;26.788;23.76;75;;
82598;31/12/1988;0000;9;3.802151;6.3;196.7;;;248.4;5.989247;9;75.6;;;29.877419;26.825161;23.725806;75.362903;;
82598;31/01/1989;0000;9;3.882796;6.6;209.8;;;280.7;5.645161;7;28.1;;;29.83871;27.058065;24.309677;73.854839;;
82598;28/02/1989;0000;9;3.722892;5.8;200.3;;;240.6;5.987952;8;35;;;30.457143;27.604286;25.042857;74.953704;;
82598;31/03/1989;0000;9;3.421839;6;177.8;;;231.6;5.965517;13;76.9;;1006.2;30.589655;27.477931;24.186207;74.25;;
82598;30/04/1989;0000;14;2.617778;5;92.1;;;158;7.5;24;348.1;;;29.460714;26.235;23.092857;86.325;;
82598;31/05/1989;0000;14;2.979348;5.6;101.6;;;169.5;6.752688;17;138;;;28.96129;26.213793;22.910345;82.169355;;
82598;30/06/1989;0000;;;;;;;;;5;77.9;;;;;;;;
82598;31/07/1989;0000;;;7.1;;;;;;11;111.4;;;27.909091;24.492381;20.990476;82.568182;;
82598;31/08/1989;0000;14;4.218478;7;155.3;;;237.3;5.978495;21;122.1;;;28.022581;24.750323;21.451613;80.814516;;
82598;30/09/1989;0000;14;4.132222;7;186.3;;;280.1;4.866667;10;50.5;;;29.356667;26.259333;23.093333;74.791667;;
82598;31/10/1989;0000;14;4.527778;6.6;217.4;;;286;5.066667;11;27.4;;1008.73;29.553333;26.684667;23.756667;74.616667;;
82598;30/11/1989;0000;14;3.997727;7.5;182;;;260.5;5.647727;11;24;;;29.893103;27.039231;24.434483;76.543103;;
82598;31/01/1990;0000;14;4.592391;7.5;220.6;;;297.1;5.630435;8;43.2;;;29.967742;27.144516;24.503226;73.83871;;
82598;28/02/1990;0000;14;4.126563;7.5;;;;180.6;5.695122;5;17.9;;;30.208;27.26;23.972;75.847826;;
82598;31/03/1990;0000;14;5.339785;8.3;280.9;;;266.2;5.784946;9;47.1;;;30.54;27.651333;24.676667;75.741935;;
82598;30/04/1990;0000;14;4.676667;8.3;232;;;241.2;5.977778;15;141.2;;1006.69;30.386667;27.451333;24.543333;78.358333;;
82598;31/05/1990;0000;14;4.130108;7;175.6;;;227.5;5.634409;18;192.1;;;29.363333;26.357241;23.116667;82.258065;;
82598;30/06/1990;0000;14;4.685556;8.6;143.3;;;232.8;5.911111;19;280.7;;;28.356667;25.374667;22.203333;82.925;;
82598;31/07/1990;0000;14;4.187097;7;154.5;;;244.4;6.032258;23;167.3;;;28.186207;25.082963;21.744828;80.870968;;
82598;31/08/1990;0000;14;4.705376;7;166.1;;;216.3;6.580645;21;194.4;;1011.06129;27.636667;24.576;21.56129;81.951613;;
82598;30/09/1990;0000;14;5.07;10;227.7;;;275.9;5.744444;6;62.1;;;28.596667;25.773333;22.416667;73.966667;;
82598;31/10/1990;0000;14;5.453763;9.3;263.4;;;291.4;6.053763;9;22.7;;1008.28172;29.216129;26.419355;23.970968;74.072581;;
82598;30/11/1990;0000;14;5.025556;8.3;241.1;;;262.7;6.444444;12;56.5;;;29.662069;26.752143;24.293103;74.466667;;
82598;31/12/1990;0000;14;5.040506;7;;;;238.2;6.156627;2;1.2;;;30.178571;26.959048;23.730769;74.076087;;
82598;31/01/1991;0000;9;4.705495;6.6;247.1;;;271.9;6.55914;7;27.1;;1006.58587;30.445161;27.609677;25.267742;74.572581;;
82598;28/02/1991;0000;9;4.658333;6.6;219.3;;;219;6.240964;5;16.4;;1006.87619;30.642857;27.735714;25.135714;75.5;;
82598;31/03/1991;0000;9;4.346237;8.3;199.5;;;218.4;6.924731;16;106.1;;;30.354839;27.38129;24.667742;79.451613;;
82598;30/04/1991;0000;14;3.972222;6.6;159.3;;;221.9;6.179775;19;304.3;;;29.862069;26.935172;24.2;81.008333;;
82598;31/05/1991;0000;14;4.174194;6.6;123.9;;;176.1;6.923913;23;304.9;;;29.006452;25.917037;23.628571;84.475;;
82598;30/06/1991;0000;14;4.586667;8.3;141.7;;;201.4;6.511111;21;311.7;;;28.66;25.308966;22.623333;82.941667;;
82598;31/07/1991;0000;14;5.065591;8.3;170.6;;;212.2;6.16129;19;144.7;;;28;24.396667;21.554839;79.451613;;
82598;31/08/1991;0000;14;5.609677;8.8;188.1;;;225.6;5.88172;18;74.9;;;27.845161;24.308;21.193333;77.483871;;
82598;30/09/1991;0000;14;5.475556;8.3;210.7;;;230.6;5.566667;13;9.4;;;28.516667;25.348;22.57;76.858333;;
82598;31/10/1991;0000;14;5.351613;7.5;262.7;;;246.6;5.72043;11;23.6;;;29.045161;25.919355;23.577419;76.387097;;
82598;30/11/1991;0000;9;4.775281;6.6;228.4;;;253;5.944444;12;41.1;;;29.393333;26.532;24.313333;76.141667;;
82598;31/01/1992;0000;9;4.075;6.6;206.4;;;199.9;6.684783;13;51.8;;;30.012903;27.379355;25.609677;78.258333;;
82598;29/02/1992;0000;14;4.734483;7.6;170.9;;;176.9;6.908046;20;182.3;;1006.7;29.885714;26.958571;24.424138;81.086207;;
82598;31/03/1992;0000;14;4.482796;8.3;167.8;;;195.1;6.892473;20;283;;;29.677419;26.653548;24.087097;82.556452;;
82598;30/04/1992;0000;14;4.474444;9.6;160;;;219.1;6.422222;20;315.3;;;29.773333;26.716;23.9;82.841667;;
82598;31/05/1992;0000;14;4.25914;7;172.7;;;243;6.010753;20;131.7;;;29.419355;26.494667;23.46129;80.290323;;
82598;30/06/1992;0000;14;4.103333;6.6;113.3;;;190.1;6.566667;25;280.3;;;28.158621;25.013793;22.296552;84.5;;
82598;31/07/1992;0000;14;4.552174;8.3;161.4;;;248.3;5.623656;21;80.4;;;27.883871;24.513793;21.07931;79.322581;;
82598;31/08/1992;0000;14;4.753261;8.3;172.9;;;219.7;6.182796;18;151.5;;;27.76129;24.527097;21.706452;80.137097;;
82598;30/09/1992;0000;14;5.044444;7.5;239.1;;;261.2;6.033333;8;14.5;;;28.566667;25.670714;23.41;77.775862;;
82598;31/10/1992;0000;14;5.1;7;291.9;;;282.6;5.258065;4;3.9;;;29.187097;26.28;24.367742;72.846774;;
82598;30/11/1992;0000;14;4.893333;7.1;254.6;;;170.9;6.255556;8;26.7;;;29.275862;26.508148;24.7;75.043103;;
82598;31/12/1992;0000;14;4.721505;9;246.6;;;271;6;4;5.9;;;29.632258;26.8616;24.924138;74.572581;;
82598;31/01/1993;0000;14;5.18172;8.3;255.9;;;253.1;5.956989;5;21.6;;;29.845161;26.878065;24.816129;77.145161;;
82598;28/02/1993;0000;9;5.390476;8.6;241.1;;;262.8;5.547619;4;29.6;;;30.228571;27.363571;25.410714;76.3125;;
82598;31/03/1993;0000;9;5.092473;8;268.9;;;290.2;5.924731;6;85;;;30.464516;27.54129;25.041935;76.516667;;
82598;30/04/1993;0000;14;4.907778;7.3;193;;;234.7;6.155556;17;229.4;;1005.96;29.841379;27.024828;24.627586;81.533333;;
82598;31/05/1993;0000;14;4.929032;8.3;191.9;;;270.2;5.634409;14;34.9;;;29.735484;26.759259;24.016667;84.193548;;
82598;30/06/1993;0000;14;4.829213;8.3;162;;;211.3;5.711111;20;154;;;28.68;25.495862;22.66;87.216667;;
82598;31/07/1993;0000;14;4.837778;7.5;181.3;;;235.5;5.698925;14;129.8;;;28.174194;24.745185;21.146667;85.104839;;
82598;31/08/1993;0000;14;5.395699;8.3;213.4;;;261.9;5.01087;6;35.8;;;28.670968;25.457241;22.080645;81.403226;;
82598;30/09/1993;0000;14;5.143333;8.3;252.4;;;264.8;5.41573;8;10.9;;;29.293333;26.167586;22.975862;79.633333;;
82598;31/10/1993;0000;14;5.530108;10.3;247.9;;;276;5.763441;12;62.2;;;29.741935;26.4325;23.583871;79.927419;;
82598;30/11/1993;0000;9;5.545556;8.3;248.3;;;273.7;5.966667;9;15.5;;;29.896667;26.898;24.403333;81;;
82598;31/12/1993;0000;9;5.043011;8.3;264.8;;;294.5;5.741935;10;40.3;;1005.87957;30.251613;27.294194;24.319355;79.66129;;
82598;31/01/1994;0000;9;4.330108;6.6;217.9;;;273.1;5.946237;12;94.5;;;30.193548;27.189677;24.206452;83.16129;;
82598;28/02/1994;0000;14;4.33012;6.6;200.4;;;219.5;5.857143;11;87;;;30.428571;27.577857;25.132143;81.276786;;
82598;31/03/1994;0000;9;3.719355;9.7;150.1;;;196.8;6.731183;23;242.6;;;30.880645;27.207742;24.525806;86.346774;;
82598;30/04/1994;0000;14;3.546667;6.3;121.9;;;186.5;6.6;21;275.7;;;30.033333;26.388;23.626667;86.958333;;
82598;31/05/1994;0000;14;3.91828;7;117;;;186.4;6.554348;28;279.1;;;29.548387;26.2168;23.590323;85.709677;;
82598;30/06/1994;0000;14;2.941111;5.6;82.8;;;;7.269663;27;627.2;;;28.32;24.948571;22.416667;90.216667;;
82598;31/07/1994;0000;14;4.482796;8;151.3;;;208.4;6.836957;22;399.6;;;27.954839;24.6;21.145161;86.467742;;
82598;31/08/1994;0000;14;5.402151;9.5;203.7;;;252.1;5.634409;14;85.1;;;28.567742;25.142581;21.674194;81.193548;;
82598;30/09/1994;0000;14;5.707778;8.6;216.1;;;250.8;5.321839;17;57.2;;;28.77;25.515333;22.413333;80.341667;;
82598;31/10/1994;0000;14;5.563441;10;287.9;;;268.4;5.526882;3;3.8;;;29.658065;26.445806;23.687097;76.927419;;
82598;30/11/1994;0000;14;5.345556;9.1;275.1;;;269.7;5.555556;10;19.9;;;29.8;26.546667;23.526667;78.908333;;
82598;31/12/1994;0000;;;;;;;;;1;0.1;;;;;;;;
82598;31/01/1995;0000;14;4.508696;7.5;231.8;;;260.6;6.271739;7;24.6;;1006.925;30.193548;27.052903;23.670968;79.927419;;
82598;28/02/1995;0000;14;3.814458;6.6;178;;;211.7;6.380952;7;60.7;;;30.814286;27.619286;24.603571;77.651786;;
82598;31/03/1995;0000;14;4.123656;7.5;204.3;;;253.7;6.623656;12;277.4;;;30.716129;27.545161;24.322581;81.508065;;
82598;30/04/1995;0000;14;3.351111;7.5;129.4;;;166.9;7.133333;22;237.4;;;30.1;26.817333;23.046667;85.583333;;
82598;31/05/1995;0000;14;3.267742;6.3;114.8;;;207;6.688172;22;386.4;;;29.290323;25.992258;22.03871;87.145161;;
82598;30/06/1995;0000;14;4.138889;7.5;130;;;170.9;6.933333;22;254.4;;;28.826667;25.093333;21.546667;86.541667;;
82598;31/07/1995;0000;14;4.003226;7;122.4;;;177.9;7.731183;26;400.4;;;27.683871;23.925806;19.480645;86.862903;;
82598;31/08/1995;0000;14;5.277174;7.6;213.4;;;279.1;4.591398;14;34.8;;;28.612903;25.015484;20.96129;80.112903;;
82598;30/09/1995;0000;14;5.62809;8.3;246.6;;;241.2;5.588889;12;21.6;;;28.813333;25.295333;21.283333;79.858333;;
82598;31/10/1995;0000;9;5.06129;9.1;266.7;;;300.7;5.731183;5;4.2;;;29.483871;26.099355;22.309677;77.830645;;
82598;30/11/1995;0000;9;4.676667;7.5;216.3;;;244.8;6.511111;8;41.3;;;29.58;26.351333;23.02;79.275;;
82598;31/12/1995;0000;9;4.23587;7;230.3;;;299;5.892473;1;0.4;;;30.251613;27.14;23.892857;77.983871;;
82598;31/01/1996;0000;14;4.733333;7.5;253.2;;;269.2;6.236559;12;36.7;;;30.664516;27.428387;24.077419;78.354839;;
82598;29/02/1996;0000;9;4.196552;6.6;222.4;;;;5.827586;10;69.7;;;30.641379;27.528966;24.541379;77.724138;;
82598;31/03/1996;0000;9;2.880645;5.8;145.7;;;140.9;7.11828;23;216.2;;;30.43871;27.030968;23.374194;82.887097;;
82598;30/04/1996;0000;14;2.86;5.3;122.1;;;179.2;6.911111;26;355.5;;;29.96;26.606667;23.166667;84.033333;;
82598;31/05/1996;0000;14;4.348889;12.1;179.7;;;242.8;5.537634;10;154.5;;;29.96129;26.467742;22.241935;81.443548;;
82598;30/06/1996;0000;14;4.437079;8.5;148.6;;;183.7;6.555556;18;255;;;28.48;25.014;21.483333;84.933333;;
82598;31/07/1996;0000;14;4.782796;8.8;165.8;;;204.8;6.344086;17;145.8;;;28.129032;24.395484;20.293548;83.854839;;
82598;31/08/1996;0000;14;4.912903;9.3;163.4;;;220.3;6.268817;18;125.4;;;28.341935;24.769032;21.277419;83.709677;;
82598;30/09/1996;0000;14;5.224719;7.8;203.4;;;247.3;5.844444;16;86.9;;;29.053333;25.449333;21.58;80.525;;
82598;31/10/1996;0000;14;5.053261;7.1;262.2;;;303;6.172043;11;76.9;;;29.767742;26.405161;22.490323;80.306452;;
82598;30/11/1996;0000;14;4.416667;8.5;206.8;;;255.5;6.355556;10;44.9;;;29.765517;26.804;23.934483;83.283333;;
82598;31/12/1996;0000;14;4.556989;7.1;248.6;;;295.2;5.924731;8;17.2;;;30.503226;27.540645;24.987097;81.524194;;
82598;31/01/1997;0000;9;4.496774;6.6;250.6;;;266.9;6.569892;4;12.3;;;30.741935;27.522581;24.103226;80.669355;;
82598;28/02/1997;0000;14;4.813095;7.1;237.6;;;237.9;6.083333;11;78.2;;;30.628571;27.576429;24.946429;79.392857;;
82598;31/03/1997;0000;14;3.888172;8;185.3;;;227.5;6.580645;19;160.1;;;30.206452;27.131613;23.929032;82.379032;;
82598;30/04/1997;0000;14;3.64;6.6;150.4;;;194.3;6.577778;20;255.7;;;29.886667;26.694;23.433333;84.766667;;
82598;31/05/1997;0000;14;4.069231;9.5;164.3;;;223.6;6.467391;22;339;;1007.3;29.348387;25.922581;21.76129;86.556452;;
82598;30/06/1997;0000;14;3.707865;6.5;151.9;;;241.4;5.533333;15;77.2;;;28.889655;25.228;20.317241;83.816667;;
82598;31/07/1997;0000;14;4.562366;8.6;163.1;;;226.2;5.55914;11;78.7;;;28.490323;24.656129;20.064516;82.354839;;
82598;31/08/1997;0000;14;4.78172;8.5;178.1;;;209.9;6.086022;19;122.4;;1010.65914;28.109677;24.487742;20.083871;83.991935;;
82598;30/09/1997;0000;14;4.857778;7.5;219.8;;;267.5;5.344444;3;5.3;;;28.94;25.748;22.573333;78.825;;
82598;31/10/1997;0000;14;4.523656;8.3;270.9;;;309.1;5.365591;1;6;;;29.851613;26.743871;24.103333;80.104839;;
82598;30/11/1997;0000;9;4.72;7.5;286.3;;;304.4;6.044444;5;2.7;;;30.233333;27.130667;24.726667;83.864583;;
82598;31/12/1997;0000;9;4.279348;7.5;245;;;277.3;5.849462;8;55.8;;;30.580645;27.448387;24.512903;82.612903;;
82598;31/01/1998;0000;9;4.105435;6.6;223.9;;;252.1;6.55914;11;39.5;;1005.37957;30.890323;27.743226;23.987097;83.782258;;
82598;28/02/1998;0000;14;4.559036;7;221.3;;;254.7;6.238095;9;76.3;;;31.221429;28.382857;25.285714;82.940476;;
82598;31/03/1998;0000;14;4.539785;7.5;246.3;;;245.9;6.322581;14;81.4;;;31.729032;28.663871;25.5;81.97619;;
82598;30/04/1998;0000;14;4.767778;8.3;210.3;;;273.7;6.266667;14;74.7;;1005.44;31.32;28.406667;25.263333;84.25;;
82598;31/05/1998;0000;14;4.691398;8.1;201.6;;;233.2;6.150538;17;185.4;;;30.329032;27.14;23.754839;84.346774;;
82598;30/06/1998;0000;14;4.468889;9.1;157.9;;;187.6;6.244444;16;209;;;28.926667;25.563333;22.276667;84.641667;;
82598;31/07/1998;0000;14;4.078495;8.3;142.4;;;209.4;6.709677;24;791.8;;;27.987097;24.387742;19.545161;87.741935;;
82598;31/08/1998;0000;14;4.675269;8.3;172.6;;;221.4;6.354839;21;138.7;;;28.2;24.947742;21.477419;84.241935;;
82598;30/09/1998;0000;14;5.505618;9.1;251.8;;;284;5.411111;11;19;;;29.113333;25.868;22.033333;79.741667;;
82598;31/10/1998;0000;14;5.388172;8;284.3;;;300.1;6.526882;6;13.7;;;29.767742;26.453548;22.293548;77.306452;;
82598;30/11/1998;0000;9;4.323333;7;232.4;;;284.5;6.677778;6;8.5;;;30.166667;26.843333;22.456667;77.158333;;
82598;31/12/1998;0000;9;4.631183;7;255;;;316.1;6.634409;3;17;;;30.458065;27.105161;22.925806;76.58871;;
82598;31/01/1999;0000;9;4.566667;6.8;247.1;;;269.9;6.709677;5;12.6;;;30.477419;26.903871;22.035484;78.096774;;
82598;28/02/1999;0000;14;4.690476;8.5;226.5;;;222.8;7.107143;14;143.6;;;30.45;26.725714;21.157143;78.508929;;
82598;31/03/1999;0000;9;4.243011;6.6;210.6;;;264.8;6.806452;13;139.2;;;30.316129;26.680645;20.932258;79.66129;;
82598;30/04/1999;0000;14;4.636667;7.1;232.4;;;245.9;6.577778;8;175.8;;;30.106667;26.432;20.5;81.366667;;
82598;31/05/1999;0000;14;3.902151;6.6;158.7;;;224.6;6.924731;16;289.5;;;29.322581;25.550968;19.367742;82.91129;;
82598;30/06/1999;0000;14;4.447778;8.3;183.4;;;253.4;5.966667;14;131.5;;;28.98;25.015333;18.386667;80.416667;;
82598;31/07/1999;0000;14;4.865217;8.3;220.2;;;240.8;6.258065;13;31.1;;;28.683871;24.491613;17.696774;79.225806;;
82598;31/08/1999;0000;14;4.955172;9.3;233.9;;;259.7;5.724138;12;46.5;;;28.689655;24.308966;17.289655;79.336207;;
82598;30/09/1999;0000;14;5.183333;8.3;258.1;;;277.5;6.611111;13;50.8;;;28.773333;25.125333;19.333333;83.108333;;
82598;31/10/1999;0000;14;4.390323;7.5;272;;;296;6.172043;6;14.5;;;29.345161;25.649032;20.132258;84.08871;;
82598;30/11/1999;0000;9;4.322222;6.6;258.1;;;300.1;6.711111;6;5.4;;;29.946667;26.465333;21.12;83.491667;;
82598;31/12/1999;0000;9;4.365591;7.1;246.5;;;245.6;7.666667;15;64.5;;;29.832258;26.397419;20.993548;86.854839;;
82598;31/01/2000;0000;9;4.084946;6.6;232.9;;;266.5;7.107527;12;50;;;30.045161;26.530323;20.696774;88.112903;;
82598;29/02/2000;0000;14;3.64023;6.8;204.9;;;239.1;7.068966;9;84;;;30.675862;26.775862;20.775862;89.732759;;
82598;31/03/2000;0000;9;4.284946;6.6;236.4;;;245.6;6.88172;18;114.9;;;30.574194;27.003871;21.070968;89.387097;;
82598;30/04/2000;0000;14;3.707778;7;140.1;;;221.4;7.244444;24;177.4;;;30.073333;26.26;19.933333;91.533333;;
82598;31/05/2000;0000;14;4.151613;7.5;156.4;;;219.8;7.096774;18;222.4;;;29.412903;25.710968;19.593548;91.209677;;
82598;30/06/2000;0000;14;3.825556;8.3;116.4;;;210.5;7.211111;22;577.4;;1008.94;28.486667;24.446;18.296552;93.208333;;
82598;31/07/2000;0000;14;3.688172;6.6;90.2;;;152;7.892473;24;482.3;;;27.567742;23.619355;17.709677;;;
82598;31/08/2000;0000;14;4.541935;7.5;156.5;;;248.5;6.774194;16;288.8;;;28.309677;24.34;18.2;;;
82598;30/09/2000;0000;14;4.897778;8;188.2;;;245.5;7.133333;20;205.1;;;28.78;25.314;19.316667;89.683333;;
82598;31/10/2000;0000;14;5.267742;7.5;278.8;;;298.3;6.44086;8;8.7;;;29.43871;25.867097;20.458065;;;
82598;30/11/2000;0000;14;4.489888;7.5;241;;;282.4;6.988889;9;12.1;;;29.82;26.165333;20.853333;;;
82598;31/12/2000;0000;9;4.164516;7;210.4;;;254.6;7.064516;7;23;;1007.57957;29.76129;26.334667;21.173333;;;
82598;31/01/2001;0000;14;5.102174;8.3;247.8;;;263.5;7.150538;9;30.1;;;30.025806;26.24;20.548387;80.8375;;
82598;28/02/2001;0000;14;4.82381;7.1;;;;246.3;6.690476;7;6.8;;;30.807143;26.942857;21.185714;79.805556;;
82598;31/03/2001;0000;14;4.055914;7.1;213.7;;;252;7.043011;15;133.8;;;30.541935;26.734839;20.319355;80.403226;;
82598;30/04/2001;0000;14;4.021348;7.1;156.2;;;193.6;7.888889;22;360.9;;;29.653333;25.813333;19.4;84.358333;;
82598;31/05/2001;0000;14;4.17957;6.6;221.8;;;294.8;6.268817;10;14.4;;;30.129032;26.527742;20.187097;80.366667;;
82598;30/06/2001;0000;14;3.682222;6.3;144.3;;;168.3;7.955556;23;373.8;;;28.413333;24.412;18.113333;;;
82598;31/07/2001;0000;14;4.391398;8.3;163.9;;;225.6;7.311828;24;145.4;;;28.270968;24.243871;17.890323;;;
82598;31/08/2001;0000;14;5.278495;8.3;216.2;;;264.4;6.548387;20;104.4;;;27.993548;23.79871;17.174194;;;
82598;30/09/2001;0000;14;5.033333;7.5;244.9;;;281.8;6.633333;9;28.4;;;28.806667;25.067333;19.003333;80.775;;
82598;31/10/2001;0000;14;4.594624;7.1;281.5;;;295.2;6.72043;5;4.7;;;29.651613;26.04129;20.651613;76.129032;;
82598;30/11/2001;0000;14;4.652222;7;263.4;;;286.1;6.722222;9;12.7;;;30.14;26.615333;21.62;75.191667;;
82598;31/12/2001;0000;14;4.710753;6.8;243.9;;;279.1;7.258065;17;51.2;;;30.625806;27.656774;25.309677;77.435484;;
82598;31/01/2002;0000;14;3.619565;6.3;171.3;;;183.5;8;23;113.9;;;29.987097;27.243871;24.870968;81.051724;;
82598;28/02/2002;0000;14;4.220238;7.1;204.4;;;226.9;7.130952;16;82.3;;;30.635714;27.53;24.792857;79.413462;;
82598;31/03/2002;0000;14;3.63913;7;;;;;7.397849;24;483.8;;;30.296774;27.036129;24.167742;81.922414;;
82598;30/04/2002;0000;14;3.82;7.1;145.1;;;207.1;7.277778;24;137.7;;;29.973333;26.882667;23.726667;82.517241;;
82598;31/05/2002;0000;14;3.839785;6.8;167.1;;;247.1;7.16129;17;122.9;;;30.090323;26.905806;23.787097;81.935484;;
82598;30/06/2002;0000;14;3.227778;6.3;121.2;;;199.8;7.066667;19;405.6;;;28.88;25.487333;22.573333;84.183333;;
82598;31/07/2002;0000;14;3.754839;8.8;146.4;;;230.4;6.311828;15;209.7;;;28.490323;25.27871;22.16129;83.612903;;
82598;31/08/2002;0000;14;4.02043;7.5;182.1;;;242.4;7.032258;21;314.4;;;28.309677;25.110968;21.896774;82.548387;;
82598;30/09/2002;0000;14;4.456667;7.8;261.8;;;303.5;6.011111;2;1;;;29.233333;26.293333;23.66;77.858333;;
82598;31/10/2002;0000;14;5.021505;8;272.5;;;292.8;6.698925;10;29.2;;;29.63871;26.722581;24.387097;79.403226;;
82598;30/11/2002;0000;9;4.782222;7.1;247.6;;;259.6;6.777778;9;98.2;;;29.86;26.916;24.82;78.925;;
82598;31/12/2002;0000;14;4.44086;7.8;227.2;;;285;7.075269;8;19.4;;;30.116129;27.303226;24.948387;79.733871;;
82598;31/01/2003;0000;9;3.290323;5.8;186.4;164.296976;164.296976;259.3;6.849462;10;84.1;;1007.62043;30.573333;27.605161;25.333333;79.040323;;
82598;28/02/2003;0000;14;4.238095;6.6;136;141.182564;141.182564;215.4;7.464286;13;139.9;;1007.04881;30.557143;27.38;24.292857;81.053571;;
82598;31/03/2003;0000;14;3.532258;6.8;129.1;146.419569;146.419569;210.4;7.419355;24;312;;;30.232258;27.175484;24.167742;81.774194;;
82598;30/04/2003;0000;14;3.592222;6.5;128;121.868794;121.868794;205.6;7.288889;20;136.8;;;30.206897;27.206667;24.165517;82.291667;;
82598;31/05/2003;0000;14;3.762366;7.3;127.6;142.655676;142.655676;247.9;6.978495;14;194.4;;;29.980645;27.019355;24.103226;81.5;;
82598;30/06/2003;0000;18;3.836667;7.1;101.3;111.566807;111.566807;207.3;7.377778;21;244.3;;;29.013333;25.494667;22.533333;84.241667;;
82598;31/07/2003;0000;14;4.57957;8.1;131.2;107.565855;107.565855;257.5;6.537634;14;202.3;;;28.6;24.96129;21.632258;82.008065;;
82598;31/08/2003;0000;14;4.441935;7.8;143.3;130.501271;130.501271;272.7;6.311828;14;51.2;;1010.63871;28.858065;25.405161;21.973333;80.282258;;
82598;30/09/2003;0000;14;4.906667;8.1;167.9;;;277.3;6.266667;14;38.5;;;29.46;26.129333;22.873333;79.2;;
82598;31/10/2003;0000;14;5.13871;8.1;209.9;;;297.1;6.956989;6;21.7;;;30.025806;26.899355;24.445161;77.782258;;
82598;30/11/2003;0000;14;4.766667;7.1;211.7;;;306.7;6.655556;9;16.1;;;30.466667;27.417333;25.086667;77.45;;
82598;31/12/2003;0000;14;4.945161;8;197.5;;;291;7.172043;13;22.5;;;30.490323;27.510968;25.103226;78.266129;;
82598;31/01/2004;0000;9;3.741935;8;136.7;;;178.1;8.236559;22;376.3;;;30.122581;27.12129;24.406452;83.008065;;
82598;29/02/2004;0000;14;4.043678;8;126.8;;;187.7;8.068966;21;284.2;;;30.082759;27.126897;24.068966;82.344828;;
82598;31/03/2004;0000;14;4.255914;8.8;153.7;;;248.3;7.505376;18;252;;;30.470968;27.369032;24.270968;80.524194;;
82598;30/04/2004;0000;14;4.135556;7.1;126.8;;;216.7;7.511111;17;172.5;;1006.92;30.12;27.189333;24.14;81.516667;;
82598;31/05/2004;0000;14;4.002151;8.3;116.6;;;240.8;7.043011;18;160.9;;;29.516129;26.411613;22.851613;82.758065;;
82598;30/06/2004;0000;14;3.814444;8.3;90.7;;;171.9;7.744444;25;643.4;;;28.46;24.996;21.546667;87.4;;
82598;31/07/2004;0000;14;4.196786;9.1;93.4;;;201.9;7.174731;20;393.9;;;28.316129;24.790968;20.870968;87.669355;;
82598;31/08/2004;0000;14;4.858065;8.3;136.9;;;259.1;6.817204;17;90.1;;;28.606452;25.144516;21.206452;84.395161;;
82598;30/09/2004;0000;14;6.017778;9;168.7;;;265.5;6.6;11;44.4;;;29.193333;25.752;21.48;80.95;;
82598;31/10/2004;0000;14;5.37252;7.8;207.5;;;285.4;6.325269;7;14.4;;;30.722581;26.748387;23.374194;79.096774;;
82598;30/11/2004;0000;14;5.238889;8.3;207.4;;;308.5;5.855556;6;10.1;;;30.546667;27.026667;23.813333;78.3;;
82598;31/12/2004;0000;14;5.008602;7.3;217.8;;;298.3;6.967742;6;4.8;;1007.07957;30.619355;27.277419;24.154839;81.330645;;
82598;31/01/2005;0000;14;4.451613;8;198.8;;;262.3;7.172043;4;2;;;30.793548;27.663226;24.419355;79.556452;;
82598;28/02/2005;0000;14;4.532143;8;181.8;;;247.7;7.095238;9;36.4;1011.27619;;31.178571;28.058571;24.721429;78.089286;;
82598;31/03/2005;0000;14;3.495699;7.4;186.3;;;240.1;7.096774;12;186.3;;;31.729032;28.131613;24.522581;79.435484;;
82598;30/04/2005;0000;14;4.247778;9.9;141.6;;;235.4;7.033333;21;144;;;31.606667;27.893333;23.546667;80.9;;
82598;31/05/2005;0000;14;3.427957;6.6;106.5;;;216.9;7.526882;25;548.3;;;30.064516;26.409032;22.154839;84.330645;;
82598;30/06/2005;0000;14;3.248889;5.8;72.7;;;164;7.511111;26;762.3;;;28.116667;24.923333;20.753333;88.016667;;
82598;31/07/2005;0000;18;4.502151;8.3;125.7;;;261.6;6.139785;17;115.2;;1010.67957;28.883871;24.972903;20.43871;82.717742;;
82598;31/08/2005;0000;14;4.529032;7.6;131.8;;;259;6.978495;26;106.8;;;28.606452;25.350968;21.864516;83.112903;;
82598;30/09/2005;0000;14;4.927778;8.3;158.1;;;259.6;6.444444;15;43.9;;;29.26;26.002667;22.746667;79.358333;;
82598;31/10/2005;0000;14;5.229032;8.1;196.4;;;318.5;5.849462;6;31.6;;;30.051613;26.802581;24.109677;77.991935;;
82598;30/11/2005;0000;14;5.134444;8.6;204.5;;;292.5;6.666667;2;1.2;;1007.08;30.593333;27.385333;25.14;78.375;;
82598;31/12/2005;0000;14;4.9;8;216.2;;;288.1;6.698925;10;10.4;;;30.645161;27.665806;25.296774;79.282258;;
82598;31/01/2006;0000;14;5.616129;8;208.1;;;270.4;6.827957;5;4.2;;;30.780645;27.627097;25.051613;77.983871;;
82598;28/02/2006;0000;9;3.92381;7.6;185.5;;;247.1;6.785714;10;87.2;;1006.57381;31.171429;28.082857;25.7;78.142857;;
82598;31/03/2006;0000;9;3.484946;6.3;184.5;;;262.1;7.215054;12;157.4;;;31.367742;28.219355;25.206452;77.096774;;
82598;30/04/2006;0000;14;2.82;6.1;114.3;;;210.2;7.111111;24;380.7;;;30.366667;27.192;23.38;81.158333;;
82598;31/05/2006;0000;14;3.854839;9.3;112.1;;;230.6;7.032258;23;115.3;;;30.141935;26.749677;22.690323;81.653226;;
82598;30/06/2006;0000;18;4.082222;8.3;97.6;124.75437;124.75437;192;7.188889;25;375.5;;;29;25.236;21.133333;84.683333;;
82598;31/07/2006;0000;14;4.246093;8.8;120;112.308652;112.308652;240;5.997312;20;133.4;;;29.051613;25.100645;20.619355;82.193548;;
82598;31/08/2006;0000;14;4.941935;8.8;148.2;113.429231;113.429231;260.9;6.860215;16;90.5;;;28.948387;25.255484;20.864516;78.016129;;
82598;30/09/2006;0000;14;4.903333;10;161;122.833216;122.370769;284.1;6.244444;12;45.2;;1009.93;29.353333;25.825333;21.593333;75.775;;
82598;31/10/2006;0000;14;4.890334;7.6;212.2;145.526715;13.4;313.7;6.629032;7;13.4;;;30.006452;26.821935;23.587097;75.677419;;
82598;30/11/2006;0000;9;4.213197;7.1;204.4;146.349587;83.5;297;6.622222;9;83.5;;1006.93;30.026667;26.986667;23.746667;75.25;;
82598;31/12/2006;0000;14;3.966667;7;187;156.169978;49.8;286.7;7.129032;9;49.9;1013.06129;;30.296774;27.274839;24.070968;77.524194;;
82598;31/01/2007;0000;14;4.359617;6.6;184;162.053207;86.3;283.5;7.120968;8;86.3;;;30.554839;27.514839;24.03871;76.508065;;
82598;28/02/2007;0000;14;3.62619;6.6;144.9;146.852534;65.9;234;6.952381;17;66;;;30.957143;27.631429;23.792857;77.392857;;
82598;31/03/2007;0000;14;4.332735;9.6;150.2;158.531397;158.531397;244.4;7.16129;19;265;;;30.793548;27.456774;22.864516;77;;
82598;30/04/2007;0000;14;3.915556;7.5;117.3;141.570643;141.570643;236.3;7.055556;18;247.7;;;30.466667;27.038667;22.54;79.775;;
82598;31/05/2007;0000;14;3.966523;7.5;117.6;133.331357;133.331357;261.9;6.629032;19;120.9;;;29.877419;26.392258;21.651613;80.024194;;
82598;30/06/2007;0000;14;3.825098;7;88;105.365507;105.365507;203.9;7.397222;20;560.5;;;28.693333;24.988;20.62;83.758333;;
82598;31/07/2007;0000;14;4.149462;7.6;102.3;106.017601;106.017601;221.3;7.11828;21;191.8;;;28.393548;24.812903;20.425806;81.129032;;
82598;31/08/2007;0000;14;5.160215;10.8;134.1;103.996875;103.996875;250.5;6.870968;25;95.8;;;28.309677;24.60129;20.141935;78.209677;;
82598;30/09/2007;0000;14;5.804777;11.6;154.5;111.28727;111.28727;279.3;6.761111;13;46.3;;;28.853333;25.172;20.693333;78.733333;;
82598;31/10/2007;0000;14;5.209378;9.3;184.2;132.291303;47.015855;280.6;6.66129;10;20.2;;;29.464516;26.063226;22.490323;76.370968;;
82598;30/11/2007;0000;14;4.662222;9.5;174.2;144.406144;45.2;292.7;6.888889;10;45.2;;;29.926667;26.914667;24.673333;75.95;;
82598;31/12/2007;0000;14;4.48172;8;208.3;162.46524;15.4;306.6;6.666667;9;16;;;30.56129;27.56;25.567742;74.790323;;
82598;31/01/2008;0000;14;4.273118;8.8;175.6;164.186338;69.2;281.5;7.107527;15;69.2;;;30.625806;27.665806;25.503226;75.806452;;
82598;29/02/2008;0000;14;3.871264;7.5;169.5;164.350681;22.4;259.1;6.977011;8;22.4;;;31.2;28.156552;25.782759;73.715517;;
82598;31/03/2008;0000;14;2.639785;7;137.5;162.649665;162.649665;224.6;7.354839;20;275.5;1011.08172;;30.774194;27.571613;24.812903;77.387097;;
82598;30/04/2008;0000;14;2.527778;7.1;90.2;128.730236;128.730236;198.1;7.311111;23;409.3;1010.91;;29.841379;26.744;23.686667;81.475;;
82598;31/05/2008;0000;14;3.260215;10;104.5;136.962877;136.962877;204.9;6.935484;17;212.3;;;29.645161;26.553548;23.580645;81.419355;;
82598;30/06/2008;0000;18;3.737778;7.6;99.4;111.55986;111.55986;170.5;7.311111;19;542.3;;;28.9;25.366667;22.326667;81.375;;
82598;31/07/2008;0000;14;4.492473;9.3;110.1;107.589345;107.589345;187.7;7.301075;21;473.3;;;28.322581;24.818065;21.683871;81.620968;;
82598;31/08/2008;0000;14;4.496774;9.6;112.7;110.263902;110.263902;225.5;6.526882;19;401.3;;;28.4;24.947742;21.667742;81.008065;;
82598;30/09/2008;0000;14;5.201111;8.3;143.1;124.608367;95.824483;256.5;7.277778;15;37.8;;1009.38;29.293333;25.997333;22.853333;78.141667;;
82598;31/10/2008;0000;14;5.294624;8.3;193.4;141.713056;59.790928;292;7.107527;18;31.8;;1008.72043;29.8;26.647097;23.925806;75.766129;;
82598;30/11/2008;0000;14;4.67;7;199.8;152.338261;20.132535;303.2;6.722222;7;9.5;1012.29;;30.346667;27.245333;24.966667;74.658333;;
82598;31/12/2008;0000;14;4.35301;7.8;227.6;166.771692;3.117062;306.1;6.658602;1;0.4;;1006.25914;30.870968;27.788387;25.541935;73.669355;;
82598;31/01/2009;0000;14;4.004301;8.1;197.6;166.33968;162.126359;265.7;6.521739;10;162.1;;;30.658065;27.685161;25.258065;74.983871;;
82598;28/02/2009;0000;14;3.552381;7.5;156.5;144.944607;144.944607;227.2;7.452381;16;245.4;;;30.642857;27.59;25.121429;76.928571;;
82598;31/03/2009;0000;14;3.189713;6.6;143.3;162.724714;162.724714;254.9;6.983871;16;220.6;;;30.445161;27.643871;24.967742;77.693548;;
82598;30/04/2009;0000;14;2.083333;5.3;94.7;147.320283;147.320283;202.5;7.366667;22;364.3;;;30.366667;27.312;24.373333;80.591667;;
82598;31/05/2009;0000;14;2.567742;5.6;69.8;150.44724;150.44724;182.7;7.731183;27;372.3;;;29.774194;26.649032;23.851613;83.217742;;
82598;30/06/2009;0000;14;3.201111;6.6;82.1;129.978054;129.978054;172.4;7.3;21;304.7;;;28.926667;25.814667;22.953333;82.991667;;
82598;31/07/2009;0000;14;3.530729;7.8;91.2;115.553261;115.553261;215.4;6.766129;25;347.9;;1009.51828;28.619355;25.342667;22.6;82.298387;;
82598;31/08/2009;0000;14;3.968817;9.5;127.3;120.051049;120.051049;249.5;6.225806;22;229.2;;;28.883871;25.569032;22.6;78.91129;;
82598;30/09/2009;0000;14;4.585556;8.3;153;133.398058;119.976442;252.8;6.833333;15;76.7;;1010.19;29.353333;26.464;24.1;77.266667;;
82598;31/10/2009;0000;14;4.23871;7.5;216;149.477563;44.872656;317.1;5.612903;4;1;1013.25914;;29.96129;27.004516;24.93871;74.709677;;
82598;30/11/2009;0000;14;4.682222;8.3;198.8;156.351422;16.673466;311.8;6.466667;8;6.7;;;30.82;27.46;25.486667;74.525;;
82598;31/12/2009;0000;14;4.448387;8.3;168.6;166.762612;11.780369;269.2;7.053763;13;9.5;;;30.948387;27.702581;25.577419;77.475806;;
82598;31/01/2010;0000;14;4.056989;7.1;172.1;191.394184;71.31812;259.1;7.150538;11;70.9;;;30.993548;27.985806;25.664516;76.967742;;
82598;28/02/2010;0000;14;4.164286;8.3;123.3;160.720103;81.497992;196.5;7.369048;11;81.4;;1006.425;31.385714;28.312857;26.157143;79.178571;;
82598;31/03/2010;0000;14;3.572043;8.3;172.2;191.961703;69.957069;283.6;6.634409;10;69.9;;;32.535484;28.943871;26.46129;76.306452;;
82598;30/04/2010;0000;14;3.877778;8.1;116.1;167.707189;167.707189;244.4;6.877778;17;191;;;31.926667;28.273333;25.453333;80.116667;;
82598;31/05/2010;0000;14;3.974194;8;128.8;160.613447;160.613447;277.1;6.204301;11;262.6;;;31.290323;27.774839;24.467742;78.508065;;
82598;30/06/2010;0000;14;3.838889;7.5;105.9;131.753855;131.753855;239.1;6.3;18;155.2;;;30.34;26.564667;23.39;79.925;;
82598;31/07/2010;0000;18;4.408602;8.8;114;123.960565;123.960565;198.4;7.086022;22;151.5;;;29.090323;25.292258;22.267742;82.104839;;
82598;31/08/2010;0000;14;4.858065;10;127.3;113.454929;111.902286;250.8;6.333333;16;95.3;;;29.303226;25.057419;21.429032;79.129032;;
82598;30/09/2010;0000;14;5.362222;11.6;149;117.788552;84.157154;269.9;6.266667;13;38.5;;;29.2;25.568;22.04;78.058333;;
82598;31/10/2010;0000;14;4.460215;7.5;183.7;149.477563;36.751995;304.5;6.526882;3;8.2;;;30.129032;27.048387;24.622581;77.758065;;
82598;30/11/2010;0000;14;4.533333;8.3;205.9;154.312731;11.340629;316.2;6.511111;6;4.2;1011.71573;;30.48;27.38;25.16;76.725;;
82598;31/12/2010;0000;14;4.011828;7.6;189;162.46524;58.731753;280.9;6.731183;12;54.7;;;30.464516;27.454839;25.164516;77.435484;;
82598;31/01/2011;0000;14;3.086022;6.1;130.3;151.686628;151.686628;220.7;7.473118;19;326.1;;;29.858065;26.918065;23.996774;81.298387;;
82598;28/02/2011;0000;14;3.89881;8;143.6;148.778539;127.960165;252;7.440476;15;76.5;;;30.628571;27.74;24.957143;79.491071;;
82598;31/03/2011;0000;14;2.867742;6.3;144.7;164.851146;154.757191;268.9;7.010753;15;146.7;1011.06413;;30.858065;27.834839;24.509677;79.354839;;
82598;30/04/2011;0000;14;2.857778;7;102.4;141.737599;141.737599;180.9;7.644444;27;371.6;;1005.92;30.06;26.970667;23.753333;83.341667;;
82598;31/05/2011;0000;14;3.382796;7.8;80.5;130.127402;130.127402;165.1;8.129032;22;413;;;29.283871;26.243871;23.251613;84.612903;;
82598;30/06/2011;0000;14;3.375556;8.1;90.1;112.129259;112.129259;148.8;7.966667;23;445.4;;1008.62;28.706667;25.440667;22.336667;84.958333;;
82598;31/07/2011;0000;18;3.772043;10;106.3;108.243686;108.243686;188.5;7.430108;16;170.4;;;28.303226;24.879355;21.66129;83.041667;;
82598;31/08/2011;0000;14;4.241935;8.6;119.2;114.057885;114.057885;234;6.989247;20;118.8;;;28.590323;25.177419;21.606452;81.879032;;
82598;30/09/2011;0000;14;5.654444;9.1;155.1;135.507464;97.315239;283.6;6.322222;14;33.3;;;29.22;25.674667;21.793333;78.091667;;
82598;31/10/2011;0000;14;4.972043;8.3;177.6;143.850438;46.271986;277.5;6.946237;11;20.8;;;29.812903;26.70129;24.035484;79.177419;;
82598;30/11/2011;0000;14;4.614444;6.6;188.9;150.400329;50.885115;296.7;7.344444;11;44;1012.54382;;30.113333;27.217333;24.72;77.158333;;
82598;31/12/2011;0000;14;4.455914;6.6;206.1;160.387203;24.619454;315.7;7.021505;8;21.9;1012.63871;1007.27957;30.4;27.356774;24.780645;76.306452;;
82598;31/01/2012;0000;14;4.419355;7.5;184.2;157.923241;77.00589;290.3;7.451613;16;76.5;;1007.26129;30.354839;27.292903;24.593548;77.862903;;
82598;29/02/2012;0000;14;4.786551;8;147.6;140.683628;111.003627;238.9;7.33908;19;110.9;;;30.068966;27.033793;24.055172;79.836207;;
82598;31/03/2012;0000;14;4.45086;6.8;145.6;152.426998;146.218032;268.7;6.803763;18;146.2;;;30.167742;27.203226;24.022581;82.080645;;
82598;30/04/2012;0000;14;4.323827;6.6;140.3;147.326181;60.862635;251.7;7.377778;15;60.7;;;30.213333;27.304667;23.85;81.941667;;
82598;31/05/2012;0000;14;4.165591;8;141.6;140.941428;140.941428;274.7;6.612903;19;184.4;;;29.806452;26.930667;23.5;82.854839;;
82598;30/06/2012;0000;14;3.592222;7.1;90.4;112.122277;112.122277;192.7;7.088889;21;302.1;;;28.46;25.318667;21.853333;86.508333;;
82598;31/07/2012;0000;14;4.374194;8.3;112.7;111.377085;111.377085;245.5;6.83871;20;234.9;;;28.290323;25.028387;21.190323;84.935484;;
82598;31/08/2012;0000;14;4.607527;8.8;137;109.368;100.251431;284.7;6.354839;13;63.4;;1011.01828;28.651613;24.875484;20.819355;84.290323;;
82598;30/09/2012;0000;14;3.016667;6.6;141.2;116.745654;74.962713;264;6.933333;11;41.6;;;28.853333;25.477333;21.786667;83.216667;;
82598;31/10/2012;0000;14;4.51828;8.3;179.2;132.78795;38.696658;303.6;6.784946;14;18.4;;;29.374194;26.145806;22.796774;81.387097;;
82598;30/11/2012;0000;14;4.254444;7.6;201.2;146.565421;7.982494;319.9;6.488889;2;0.7;;;30.08;27.016;24.406667;77.65;;
82598;31/12/2012;0000;14;4.417204;6.6;197.1;160.395936;3.156682;315.3;6.784946;4;1.4;;1006.45914;30.374194;27.461333;25.019355;81.298387;;
82598;31/01/2013;0000;14;4.270968;6.6;194.4;168.401885;20.547787;310.2;6.827957;6;20.2;;;30.683871;27.751613;25.093548;79.959677;;
82598;28/02/2013;0000;14;4.586905;7.6;170.8;152.54968;59.861797;265.4;7.178571;9;59.8;;;31.028571;27.933571;24.896429;79.892857;;
82598;31/03/2013;0000;14;4.034409;7;178;171.121773;35.130061;262;7.032258;10;35.1;1012.14086;;31.167742;28.035484;24.925806;80.516129;;
82598;30/04/2013;0000;14;3.272222;6.1;155.7;138.056004;138.056004;272.7;6.588889;12;175.6;;;30.973333;27.766667;24.226667;81.133333;;
82598;31/05/2013;0000;14;3.695699;7.5;121.1;140.986321;140.986321;248;6.903226;5;254.9;;;30.032258;26.820645;22.832258;83.459677;;
82598;30/06/2013;0000;14;3.283333;6.6;87.7;118.505829;118.505829;209.8;6.933333;;399.1;;;28.906667;25.785333;21.786667;84.266667;;
82598;31/07/2013;0000;14;3.680645;8.3;90.4;106.712737;106.712737;184;7.086022;;430.6;;;28.070968;24.831613;21.125806;86.758065;;
82598;31/08/2013;0000;14;4.256846;8.3;117;114.057885;114.057885;245.6;6.639785;;242;;;28.632258;25.189032;20.990323;83.330645;;
82598;30/09/2013;0000;14;4.557778;8.3;130.4;118.319337;118.319337;263.3;7.244444;;200;;1009.5;29.146667;25.702;22.01;84.433333;;
82598;31/10/2013;0000;14;4.67957;8.3;193;143.850438;84.586188;310.3;6.053763;;11.1;;;29.748387;26.71871;23.735484;77.048387;;
82598;30/11/2013;0000;14;4.588889;7;172.9;129.953087;54.478977;281.1;7.3;;38.6;;;29.533333;26.576667;23.576667;79.283333;;
82598;31/12/2013;0000;14;3.969892;6.5;187.9;136.874958;17.741508;289;7.27957;;10.1;;;30.270968;27.290667;24.470968;77.693548;;
82598;31/01/2014;0000;14;4.311828;6.6;175.9;157.923241;80.633778;267.4;7.301075;;79;;;30.309677;27.087097;23.667742;78.314516;;
82598;28/02/2014;0000;14;4.002381;7.6;146.4;141.250657;52.902083;235.6;7.404762;;52.1;;;30.314286;27.291429;23.742857;78.9375;;
82598;31/03/2014;0000;14;3.446237;6.5;142.4;156.503676;156.503676;272.9;6.913978;;262.1;;;30.535484;27.430323;24.054839;80.806452;;
82598;30/04/2014;0000;14;3.241111;5;136.3;153.205087;132.885346;253.4;6.433333;;81.9;;;30.453333;27.605333;23.833333;80.183333;;
82598;31/05/2014;0000;14;2.992473;8;97;137.297171;137.297171;221.6;7.053763;;191;;;29.864516;26.566452;22.890323;83.177419;;
82598;30/06/2014;0000;14;3.514444;6.6;96.9;116.887917;116.887917;197.2;6.677778;;540.4;;;29.006667;25.742;22.376667;84.25;;
82598;31/07/2014;0000;14;3.675269;7.8;106.7;109.790332;109.790332;213.7;6.655914;;231.4;;;28.367742;24.936129;21.054839;83.435484;;
82598;31/08/2014;0000;14;4.016129;8.3;134.9;112.46381;110.058757;266.6;6.236559;;89.7;1015.67957;;28.645161;25.13871;21.087097;80.395161;;
82598;30/09/2014;0000;14;4.256667;7.5;133.9;119.963491;119.963491;252.2;6.411111;;149;;;28.833333;25.738621;22.523333;82.408333;;
82598;31/10/2014;0000;14;4.875269;9.1;166;140.07238;97.203318;294.7;6.44086;;30.7;;;29.406452;26.474194;23.541935;80.379032;;
82598;30/11/2014;0000;14;3.945556;6.6;182.9;144.610258;48.188514;295.1;6.544444;;24.8;;;29.846667;26.916;24.353333;78.9;;
82598;31/12/2014;0000;14;3.96129;6.6;179.4;156.281442;31.3182;291.2;6.88172;;23.9;;;30.077419;27.252258;24.867742;79.306452;;
82598;31/01/2015;0000;14;3.989247;6.5;190.2;159.98044;31.261838;297.4;6.602151;;30.3;;;30.453333;27.400645;24.93871;78.16129;;
82598;28/02/2015;0000;14;3.640476;8.8;152.7;158.435734;78.103358;233.7;6.72619;;77.7;;;30.775;27.803571;25.325;79.9375;;
82598;31/03/2015;0000;;;;126.5;166.849353;166.849353;234.1;6.698925;;317;;;30.245161;27.128;23.383871;82.16129;;
82598;30/04/2015;0000;;;;143.2;167.408068;166.781403;266.9;5.966667;;156.1;;;30.65;27.702;24.273333;79.566667;;
82598;31/05/2015;0000;;;;139.7;150.519801;119.097141;280.6;6.086022;;69.6;;1008.06129;30.387097;27.600741;24.129032;79.193548;;
82598;30/06/2015;0000;;;;100.8;132.03338;132.03338;233.2;6.655556;;301.2;;;29.14;25.957931;22.986667;83.6;;
82598;31/07/2015;0000;;;;93.3;126.141501;126.141501;213.7;7.032258;;316.5;;;28.548387;25.402069;22.280645;83.533333;;
82598;31/08/2015;0000;;;;138.8;130.903085;101.539951;285.5;6.043011;;43.1;;;28.78;25.621935;22.703226;79.201613;;
82598;30/09/2015;0000;;;;137.9;142.859254;53.248044;278.9;5.744444;;24.4;;;29.246667;26.456552;24.18;76.836207;;
82598;31/10/2015;0000;;;;171.8;145.766626;16.15103;302.2;6.021505;;10.8;1014.78172;;29.603333;26.797333;24.935484;76.346774;;
82598;30/11/2015;0000;;;;;152.366766;2.869402;317.5;5.411111;;0.4;;;30.27;27.354;25.546667;76.133333;;
82598;31/12/2015;0000;;;;;162.468838;67.624831;265.9;6.497253;;67.1;;;30.464516;27.531034;25.662069;78.774194;;
82598;31/01/2016;0000;;;;122.7;159.98044;151.920706;175.2;6.978495;;153.9;;;30.077419;27.432667;25.087097;81.790323;;
82598;29/02/2016;0000;14;2.893243;5;121.9;157.997883;73.94003;220.7;6.229885;;73.8;;;30.693103;27.772143;24.958621;79.741071;;
82598;31/03/2016;0000;14;2.640874;5.1444;;164.666123;152.512143;260.5;5.303763;;152.5;;;31.03;27.781379;23.46129;80.75;;
82598;30/04/2016;0000;14;2.589348;6.68772;;161.139099;161.139099;217.2;6.152778;;166.4;;;30.453333;27.907333;25.986667;81.433333;;
82598;31/05/2016;0000;14;2.187783;8.23104;;152.432005;152.432005;246.7;5.833333;;207.9;;;30.219355;27.502308;25.91;81.524194;;
82598;30/06/2016;0000;14;2.167584;5.1444;;132.025158;132.025158;243;5.847222;;156.3;;1010.37;29.396667;26.756667;25.303333;81.05;;
82598;31/07/2016;0000;14;2.837717;8.23104;;127.895176;88.854781;267.7;5.658602;;38.6;;;29.280645;26.143871;24.083871;78.983871;;
82598;31/08/2016;0000;14;2.684035;6.17328;;132.734001;85.095068;263.9;5.353261;;68.6;;;29.193333;26.379231;24.346429;78.316667;;
82598;30/09/2016;0000;14;3.1438;6.68772;;139.213203;53.593349;298.8;5.013889;;42.2;;;29.533333;26.890667;25.306667;77.516667;;
82598;31/10/2016;0000;14;4.165305;7.20216;;157.718688;27.851879;285.4;5.510753;;22.7;;;29.780645;27.370323;26.245161;75.91129;;
82598;30/11/2016;0000;14;2.930574;8.74548;;166.70146;20.390975;281.9;4.929775;;19;;;30.324138;27.85;26.58;74.827586;;
82598;31/12/2016;0000;14;2.745544;5.1444;;177.59682;65.278068;260.7;5.910326;;63.5;;;30.6;28.192414;26.577419;74.816667;;
82598;31/01/2017;0000;9;2.119355;5;166.2;174.923281;80.681508;271.3;5.688172;;80.6;1012.83871;;30.551613;28.04;26.109677;75.870968;;
82598;28/02/2017;0000;14;1.317857;3.7;139.1;156.455935;65.031148;215.4;6;;65;;;30.8;28.1408;26.289286;76.857143;;
82598;31/03/2017;0000;14;0.630108;2;130.8;164.742102;164.742102;240.9;6.182796;;187.2;;1006.64086;30.812903;28.209677;26.158065;78.5;;
82598;30/04/2017;0000;0;0.384444;3.3;115;159.181568;159.181568;214.6;5.8;;254.1;;;30.773333;27.953333;25.673333;80.45;;
82598;31/05/2017;0000;0;0.87957;4;110.1;144.74606;144.74606;225.2;6.075269;;229.4;1013.02043;;30.077419;27.32;24.435484;80.862903;;
82598;30/06/2017;0000;9;1.555556;5.5;98.5;121.789766;121.789766;205;5.888889;;197.7;;;29.566667;26.232414;23.18;80.141667;;
82598;31/07/2017;0000;14;2.63587;8.7;102.1;103.697537;103.697537;150.4;6.967742;;414.3;;;27.774194;24.805806;21.909677;80.225806;;
82598;31/08/2017;0000;14;3.667742;8.2;130.6;122.272444;86.758547;284.9;4.817204;;24.3;;;29.1;25.703226;21.706452;75.33871;;
82598;30/09/2017;0000;14;4.673333;8.7;139.2;118.319337;87.743879;265.8;5.422222;;74.4;;1010.06;28.926667;25.730714;22.066667;74.391667;;
82598;31/10/2017;0000;14;4.426882;9.7;150.5;140.07238;83.772017;284.5;5.763441;;71.8;;;29.348387;26.446452;23.46129;77.951613;;
82598;30/11/2017;0000;14;4.242222;6.5;177.3;152.366766;18.213496;289.2;5.344444;;8.9;;;29.96;27.279333;24.93;82.125;;
82598;31/12/2017;0000;14;3.388043;6;176.2;165.194647;48.919879;268.7;6.311828;;46.9;;;30.283871;27.629565;25.748387;83.739583;;
82598;31/01/2018;0000;14;3.407527;6.5;181.2;157.923241;77.096568;250.9;6.290323;;76.6;;;30.322581;;25.429032;;;
82598;28/02/2018;0000;14;2.938095;5.7;122.4;141.250657;141.250657;207.3;6.630952;;217.2;;;30.288;;25.603571;;;
82598;31/03/2018;0000;14;2.832329;5.1444;;154.491185;154.491185;257.1;6.540323;;274.4;;;30.329032;;26.251613;;;
82598;30/04/2018;0000;14;2.503608;4.11552;;147.391336;147.391336;186.9;6.825843;;290.3;;1006.64382;29.533333;;25.696667;;;
82598;31/05/2018;0000;14;2.747577;5.65884;;150.519801;150.519801;222.9;7.116477;;184.5;;1007.9125;29.7;;25.043333;;;
82598;30/06/2018;0000;14;3.269552;6.17328;;144.749071;144.749071;215.9;6.777778;;252.6;;1009.73;28.9;;23.543333;;;
82598;31/07/2018;0000;14;4.092907;9.25992;;149.921178;149.921178;202.2;6.675824;;278;;;28.346667;;22.74;;;
82598;31/08/2018;0000;14;5.822525;9.77436;;151.417042;110.498605;284.5;5.758427;;44.4;;;28.967742;;22.99;;;
82598;30/09/2018;0000;14;5.904096;9.77436;;148.557732;80.527641;257.2;6.264045;;60.3;;;29.137931;;23.333333;;;
82598;31/10/2018;0000;14;5.017235;10.2888;;155.623349;11.263005;299.2;6.085165;;0;;;29.93;;24.427586;;;
82598;30/11/2018;0000;14;5.231103;9.25992;;152.366766;9.803575;292.2;6.13764;;7.5;;;;;25.07931;;;
82598;31/12/2018;0000;14;4.193804;8.74548;;164.569787;66.742479;291.9;6.086957;;66.3;;;30.493548;27.609032;24.977419;75.185484;;
